,Episode,Reward
0,1,65.63356361053174
1,2,67.38542213353831
2,3,68.50899616296024
3,4,66.08516273271911
