,state,Actions Rewards
0,"(([(9.0, 13.0), (15.0, 20.0)], 1, [(9.0, 13.0), (15.0, 20.0)], 1), ([(9.0, 11.0), (19.0, 24)], 0, [(9.0, 11.0), (19.0, 24)], 1))",[ 0.          0.         -0.24407763]
1,"(([(9.0, 11.0), (19.0, 24)], 0, [(9.0, 11.0), (19.0, 24)], 1), ([(9.0, 13.0), (15.0, 20.0)], 1, [(9.0, 13.0), (15.0, 20.0)], 1))",[ 0.   -0.35  0.  ]
2,"(([(0, 3.0), (9.0, 11.0)], 1, [(0, 3.0), (9.0, 11.0)], 1), ([(1.0, 7.0), (10.0, 13.0)], 1, [(1.0, 7.0), (10.0, 13.0)], 1))",[ 0.          0.         -0.26286336]
3,"(([(1.0, 7.0), (10.0, 13.0)], 1, [(1.0, 7.0), (10.0, 13.0)], 1), ([(0, 3.0), (9.0, 11.0)], 1, [(0, 3.0), (9.0, 11.0)], 1))",[-0.26239501  0.          0.        ]
4,"(([(0, 4.0), (9.0, 11.0)], 1, [(0, 4.0), (9.0, 11.0)], 1), ([(0, 6.0), (10.0, 14.0)], 1, [(0, 6.0), (10.0, 14.0)], 1))",[ 0.         -0.26253303  0.        ]
5,"(([(0, 6.0), (10.0, 14.0)], 1, [(0, 6.0), (10.0, 14.0)], 1), ([(0, 4.0), (9.0, 11.0)], 1, [(0, 4.0), (9.0, 11.0)], 1))",[-0.23738622  0.          0.        ]
