,Episode,Average Waiting Time
0,1,9.710961958950724
1,2,9.634628986103802
2,3,14.062165310574803
3,4,8.942645873889656
4,5,13.341631789409323
5,6,14.885143034845958
6,7,8.79928865460847
7,8,22.214286939477333
8,9,22.46789517027213
9,10,8.874788062290255
10,11,13.375584110483967
11,12,24.781467694933895
