,Episode,Reward
0,1,3.357894736842105
1,2,3.25
2,3,6.487804878048781
3,4,8.33984375
4,5,6.53125
5,6,5.271084337349397
6,7,4.686274509803922
7,8,9.181294964028776
8,9,8.925179856115108
9,10,4.400990099009901
10,11,6.009933774834437
11,12,6.697841726618705
