,Episode,Reward
0,1,1.243718592964824
1,2,2.387295081967213
