,Episode,Average Waiting Time
0,1,-1151.787627297947
1,2,-871.690341909779
